$liste_ecoles_france = array(

/*  "a" => "orange", "b" => "banana", "c" => "apple" */

"Choisis ton école",

"Je ne suis plus étudiant",
"Je ne suis pas encore étudiant",

"Autre - Un mail sera envoyé au WebMaster",


/* Ecolees d'ingénieur */

"Centre des études supérieures industrielles	[16 - Angoulême]",
"Centre des études supérieures industrielles	[62 - Arras]",
"Centre des études supérieures industrielles	[33 - Bordeaux]",
"Centre des études supérieures industrielles	[69 - Lyon]",
"Centre des études supérieures industrielles	[54 - Nancy]",
"Centre des études supérieures industrielles	[75 - Paris]",
"Centre des études supérieures industrielles	[92 - Paris-Bagneux]",
"Centre des études supérieures industrielles	[64 - Pau]",
"Centre des études supérieures industrielles	[76 - Rouen]",
"Centre des études supérieures industrielles	[44 - Saint-Nazaire]",
"Centre des études supérieures industrielles	[31 - Toulouse]", 

"Centre international d'études supérieures en sciences agronomiques	[34 - Montpellier]",
"Centre universitaire Jean-François-Champollion	[81 - Castres]",
"Conservatoire national des arts et métiers	[00 - France]",
"ECAM	[67 - Strasbourg]",
"ECAM	[69 - Lyon]",

"École Centrale d'électronique	[75 - Paris]",
"École Centrale de Lille	[59 - Villeneuve-d'Ascq]",
"École Centrale de Lyon		[69 - Écully]",
"École Centrale de Marseille	[13 - Marseille]",
"École Centrale de Nantes	[44 - Nantes]",
"École Centrale Paris		[92 - Châtenay-Malabry]",

"École d'ingénieur d'agro-développement international	[95 - Cergy-Pontoise]",
"École d'ingénieurs de Purpan	[31 - Toulouse]",
"École d'ingénieurs du Littoral Côte d'Opale	[59 - Dunkerque]",
"École d'ingénieurs du Pas-de-Calais	[62 - Longuenesse]",
"École d'ingénieurs en génie des systèmes industriels	[17 - La Rochelle]",

"École d'électricité, de production et des méthodes industrielles	[95 - Cergy-Pontoise]",
"École de biologie industrielle		[95 - Cergy-Pontoise]",
"École de l'air		[13 - Salon-de-Provence]",
"École des ingénieurs de la ville de Paris	[75 - Paris]",

"École des mines d'Albi-Carmaux		[81 - Albi]",
"École des mines d'Alès		[30 - Alès]",
"École des mines de Douai	[59 - Douai]",
"École des mines de Nantes	[44 - Nantes]",
"Ecole des mines ParisTech	[75 - Paris]",
"École des mines de Nancy	[54 - Nancy]",
"École des mines de Saint-Dié	[88 - Saint-Dié]",
"École des mines de Saint-Étienne	[42 - Saint-Étienne]",
"École des mines de Gardanne	[13 - Gardanne]",

"École des métiers de l'environnement	[35 - Bruz]",
"École des transmissions	[35 - Cesson-Sévigné]",
"École du génie		[49 - Angers]",
"École et observatoire des sciences de la Terre		[67 - Strasbourg]",
"École européenne d'ingénieurs en génie des matériaux	[54 - Nancy]",
"École européenne de chimie, polymères et matériaux	[67 - Strasbourg]",
"École française d'électronique et d'informatique	[94 - Villejuif]",
"École internationale des sciences du traitement de l'information	[95 - Cergy-Pontoise]",
"École internationale des sciences du traitement de l'information	[64 - Pau]",
"École internationale du papier, de la communication imprimée et des biomatériaux	[38 - Grenoble]",

"École Louis de Broglie		[35 - Bruz]",
"École nationale d'ingénieurs de Brest	[29 - Brest]",
"École nationale d'ingénieurs de Metz	[57 - Metz]",
"École nationale d'ingénieurs de Saint-Étienne	[42 - Saint-Étienne]",
"École nationale d'ingénieurs de Tarbes	[65 - Tarbes]",
"École nationale d'ingénieurs du Val de Loire	[41 - Blois]",

"École nationale de l'aviation civile	[31 - Toulouse]",

"École nationale de la météorologie	[31 - Toulouse]",

"École nationale de la statistique et de l'administration économique	[92 - Malakoff]",
"École nationale de la statistique et de l'analyse de l'information	[35 - Bruz]",

"École nationale des ponts et chaussées		[77 - Marne-la-Vallée]",

"École nationale des sciences géographiques	[77 - Marne-la-Vallée]",
"École nationale des travaux publics de l'État	[69 - Vaulx-en-Velin]",
"École nationale du génie de l'eau et de l'environnement de Strasbourg		[67 - Strasbourg]",
"École nationale supérieure agronomique de Toulouse	[31 - Castanet-Tolosan]",
"École nationale supérieure d'agronomie et des industries alimentaires	[54 - Vandœuvre]",

"École nationale supérieure d'arts et métiers	[49 - Angers]",
"École nationale supérieure d'arts et métiers	[13 - Aix-en-provence]",
"École nationale supérieure d'arts et métiers	[33 - Bordeaux-Talence]",
"École nationale supérieure d'arts et métiers	[51 - Châlons-en-Champagne]",
"École nationale supérieure d'arts et métiers	[71 - Cluny]",
"École nationale supérieure d'arts et métiers	[59 - Lille]",
"École nationale supérieure d'arts et métiers	[57 - Metz]",
"École nationale supérieure d'arts et métiers	[75 - Paris]",

"École nationale supérieure d'informatique et de mathématiques appliquées de Grenoble	[38 - Saint-Martin-d'Hères]",
"École nationale supérieure d'informatique pour l'industrie et l'entreprise	[91 - Évry]",
"École nationale supérieure d'ingénieurs de Bourges	[18 - Bourges]",
"École nationale supérieure d'ingénieurs de Bretagne sud	[56 - Lorient]",
"École nationale supérieure d'ingénieurs de Bretagne sud	[56 - Vannes]",

"École nationale supérieure d'ingénieurs de Caen	[14 - Caen]",
"École nationale supérieure d'ingénieurs de Flers	[61 - Flers]",
"École nationale supérieure d'ingénieurs de Limoges	[87 - Limoges]",
"École nationale supérieure d'ingénieurs de Poitiers	[86 - Poitiers]",
"École nationale supérieure d'ingénieurs du Mans	[72 - Le Mans]",

"École nationale supérieure d'ingénieurs en informatique automatique mécanique énergétique électronique		[59 - Valenciennes]",
"École nationale supérieure d'électricité et de mécanique	[54 - Vandœuvre]",
"École nationale supérieure d'électronique, informatique, télécommunications, mathématiques et mécanique de Bordeaux		[33 - Talence]",
"École nationale supérieure d'électrotechnique, d'électronique, d'informatique, d'hydraulique et des télécommunications		[31 - Toulouse]",

"École nationale supérieure de chimie de Clermont-Ferrand	[63 - Aubière]",
"École nationale supérieure de chimie de Lille			[59 - Villeneuve-d'Ascq]",
"École nationale supérieure de chimie de Montpellier		[34 - Montpellier]",
"École nationale supérieure de chimie de Mulhouse		[68 - Mulhouse]",
"École nationale supérieure de chimie de Paris			[75 - Paris]",
"École nationale supérieure de chimie de Rennes			[35 - Rennes]",
"École nationale supérieure de chimie, de biologie et de physique	[33 - Pessac]",

"École nationale supérieure de cognitique	[33 - Bordeaux]",
"École nationale supérieure de céramique industrielle	[87 - Limoges]",
"École nationale supérieure de génie industriel		[38 - Grenoble]",
"École nationale supérieure de géologie		[54 - Vandœuvre]",
"École nationale supérieure de l'électronique et de ses applications	[95 - Cergy-Pontoise]",
"École nationale supérieure de l'énergie, l'eau et l'environnement	[38 - Grenoble]",
"École nationale supérieure de la nature et du paysage		[41 - Blois]",
"École nationale supérieure de mécanique et d'aérotechnique de Poitiers		[86 - Futuroscope]",
"École nationale supérieure de mécanique et des microtechniques de Besançon	[25 - Besançon]",
"École nationale supérieure de physique, électronique et matériaux	[38 - Grenoble]",

"École nationale supérieure de techniques avancées	[91 - Palaiseau]",
"École nationale supérieure de techniques avancées Bretagne	[29 - Brest]",
"École nationale supérieure de technologie des biomolécules de Bordeaux		[33 - Bordeaux]",
"École nationale supérieure des arts et industries textiles	[59 - Roubaix]",
"École nationale supérieure des industries chimiques	[54 - Nancy]",
"École nationale supérieure des ingénieurs en arts chimiques et technologiques	[31 - Toulouse]",
"École nationale supérieure des ingénieurs Sud Alsace	[68 - Mulhouse]",

"École nationale supérieure des sciences agronomiques de Bordeaux Aquitaine	[33 - Gradignan]",
"École nationale supérieure des sciences appliquées et de technologie	[22 - Lannion]",
"École nationale supérieure des technologies et industries du bois	[88 - Epinal]",
"École nationale supérieure en environnement, géoressources et ingénierie du développement durable	[33 - Pessac]",
"École nationale supérieure en génie des systèmes industriels	[54 - Nancy]",
"École nationale supérieure en génie des technologies industrielles	[64 - Pau]",
"École nationale supérieure en systèmes avancés et réseaux	[26 - Valence]",

"École nationale supérieure maritime	[76 - Havre]",
"École nationale supérieure maritime	[13 - Marseille]",
"École nationale supérieure maritime	[44 - Nantes]",
"École nationale supérieure maritime	[75 - Paris]",
"École nationale supérieure maritime	[35 - Saint-Malo]",

"École nationale vétérinaire, agroalimentaire et de l'alimentation, de Nantes (ONIRIS Véto)	[44 - Nantes]",

"École navale	[29 - Lanvéoc-Poulmic]",

"École polytechnique (X)	[91 - Palaiseau]",

"École pour l'informatique et les techniques avancées	[94 - Le Kremlin-Bicêtre]",
"École spéciale de mécanique et d'électricité	[94 - Ivry-sur-Seine]",
"École spéciale des travaux publics, du bâtiment et de l'industrie	[94 - Cachan]",
"École spéciale militaire de Saint-Cyr	[56 - Guer]",
"École supérieure angevine en informatique et productique	[49 - Angers]", 
"École supérieure angevine en informatique et productique	[49 - Saint-Barthélemy-d'Anjou]", 
"École supérieure angevine en informatique et productique	[06 - Grasse]", 

"École supérieure chimie physique électronique de Lyon		[69 - Villeurbanne]",
"École supérieure d'agriculture d'Angers	[49 - Angers]",
"École supérieure d'informatique et applications de Lorraine	[54 - Vandœuvre]",
"École supérieure d'informatique, électronique, automatique	[75 - Paris]", 
"École supérieure d'informatique, électronique, automatique	[53 - Laval]",

"École supérieure d'ingénieurs de l'université de Cherbourg-Octeville [50 - Cherbourg-Octeville]",
"École supérieure d'ingénieurs de l'université de Caen Basse-Normandie	[14 - Caen]",

"École supérieure d'ingénieurs de recherche en matériaux et en infotronique	[21 - Dijon]",
"École supérieure d'ingénieurs de Reims		[51 - Reims]",
"École supérieure d'ingénieurs de Rennes	[35 - Rennes]",
"École supérieure d'ingénieurs des travaux de la construction de Cachan		[94 - Cachan]",
"École supérieure d'ingénieurs des travaux de la construction de Caen		[14 - Epron]",
"École supérieure d'ingénieurs des travaux de la construction de Metz		[57 - Metz]",
"École supérieure d'ingénieurs en agroalimentaire de Bretagne atlantique	[29 - Plouzané]",
"École supérieure d'ingénieurs en développement agroalimentaire intégré		[97 - Saint-Denis]",
"École supérieure d'ingénieurs en génie électrique		[76 - Saint-Étienne-du-Rouvray]",
"École supérieure d'ingénieurs en informatique et génie des télécommunications		[77 - Avon-Fontainebleau]
"École supérieure d'ingénieurs en électronique et électrotechnique d'Amiens	[80 - Amiens]",
"École supérieure d'ingénieurs en électronique et électrotechnique de Paris	[93 - Noisy-le-Grand]",
"École supérieure d'ingénieurs et de techniciens pour l'agriculture	[76 - Mont-Saint-Aignan]",
"École supérieure d'ingénieurs Léonard-de-Vinci		[92 - Paris-La Défense]",

"École supérieure d'optique	[91 - Orsay]",

"École supérieure d'électricité	[91 - Gif-sur-Yvette]", 
"École supérieure d'électricité	[35 - Rennes]",
"École supérieure d'électricité	[57 - Metz]",

"École supérieure d'électronique de l'Ouest	[49 - Angers]",
"École supérieure de biotechnologie Strasbourg	[67 - Illkirch-Graffenstaden]",
"École supérieure de chimie organique et minérale	[60 - Compiègne]",
"École supérieure de fonderie et de forge en convention avec l'Institut supérieur de mécanique de Paris		[92 - Sèvre]",
"École supérieure de physique et de chimie industrielles de la ville de Paris	[75 - Paris]",
"École supérieure des géomètres et topographes	[72 - Le Mans]",
"École supérieure des sciences et technologies de l'ingénieur de Nancy	[54 - Vandœuvre]",
"École supérieure des techniques aéronautiques et de construction automobile	[92 - Levallois-Perret]", 
"École supérieure des techniques aéronautiques et de construction automobile	[53 - Laval]", 
"École supérieure des technologies industrielles avancées	[64 - Bayonne]",
"École supérieure du bois	[44 - Nantes]",

"EPF	[92 - Sceaux]",
"Groupe Institut supérieur d'agriculture de Lille	[06 - Antibes]",
"Groupe Institut supérieur d'agriculture de Lille	[59 - Lille]",

"Hautes études d'ingénieur	[59 - Lille]",

"Institut catholique d'arts et métiers	[59 - Lille]", 
"Institut catholique d'arts et métiers	[85 - La Roche-sur-Yon]",
"Institut catholique d'arts et métiers	[44 - Nantes]",
"Institut catholique d'arts et métiers	[75 - Paris]",
"Institut catholique d'arts et métiers	[31 - Toulouse]",
"Institut catholique d'arts et métiers	[56 - Vannes]",

"Institut d'enseignement supérieur et de recherche en alimentation, santé animale, sciences agronomiques et de l'environnement	[63 - Lempdes]",
"Institut d'ingénierie informatique de Limoges	[87 - Limoges]", 
"Institut d'ingénierie informatique de Limoges	[12 - Rodez]", 
"Institut des Sciences de l'Ingénieur de Toulon et du Var	[83 - La Valette]",
"Institut des sciences et industries du vivant et de l'environnement	[54 - Nancy]",
"Institut des sciences et industries du vivant et de l'environnement	[75 - Paris]",
"Institut des sciences et techniques de l'ingénieur d'Angers	[49 - Angers]",
"Institut des sciences et techniques des Yvelines	[78 - Versailles]",
"Institut français de mécanique avancée	[63 - Aubière]",

"Institut Galilée	[93 - Villetaneuse]",

"Institut national des sciences appliquées de Lyon	[69 - Villeurbanne]",
"Institut national des sciences appliquées de Rennes	[35 - Rennes]",
"Institut national des sciences appliquées de Rouen	[76 - Mont-Saint-Aignan]",
"Institut national des sciences appliquées de Strasbourg	[67 - Strasbourg]",
"Institut national des sciences appliquées de Toulouse	[31 - Toulouse]",
"Institut national supérieur des sciences agronomiques, de l'alimentation et de l'environnement	[21 - Dijon]",
"Institut national polytechnique de Toulouse	[31 - Toulouse]",

"Institut polytechnique de Grenoble	[38 - Grenoble]",
"Institut polytechnique des sciences avancées	[94 - Ivry-sur-Seine]",
"Institut polytechnique LaSalle Beauvais	[60 - Beauvais]",

"Institut supérieur d'agriculture et d'agroalimentaire Rhône-Alpes	[69 - Lyon]",
"Institut supérieur d'informatique, de modélisation et de leurs applications	[63 - Aubière]",
"Institut supérieur d'ingénieurs de Franche-Comté	[25 - Besançon]",
"Institut supérieur d'électronique de Paris	[75 - Paris]",
"Institut supérieur d'études logistiques	[76 - Le Havre]",
"Institut supérieur de l'automobile et des transports	[58 - Nevers]",
"Institut supérieur de l'aéronautique et de l'espace	[31 - Toulouse]",
"Institut supérieur de l'électronique et du numérique	[59 - Lille]",
"Institut supérieur de l'électronique et du numérique	[83 - Toulon]",
"Institut supérieur de l'électronique et du numérique	[29 - Brest]",
"Institut supérieur de mécanique de Paris	[93 - Saint-Ouen]",
"Institut supérieur de mécanique de Paris	[83 - Toulon]",
"Institut supérieur de plasturgie d'Alençon	[61 - Alençon]",
"Institut supérieur des matériaux et mécaniques avancées	[72 - Le Mans]",
"Institut supérieur des sciences agronomiques, agroalimentaires, horticoles et du paysage	[49 - Angers]",
"Institut supérieur des sciences agronomiques, agroalimentaires, horticoles et du paysage	[35 - Rennes]",

"Institut textile et chimique	[69 - Écully]",

"Paoli Tech	[20 - Corse]",

"Polytech' universitaire d'Orléans	[45 - Orléans]",
"Polytech' universitaire de Nantes	[44 - Nantes]",
"Polytech' universitaire de Grenoble I	[38 - Grenoble]",
"Polytech' universitaire de Lyon-I	[69 - Villeurbanne]",
"Polytech' universitaire de Lille	[59 - Villeneuve-d'Ascq]",
"Polytech' universitaire de Marseille	[13 - Marseille]",
"Polytech' universitaire de Montpellier	[34 - Montpellier]",
"Polytech' universitaire Pierre et Marie Curie de l'université Paris VI	[75 - Paris]",
"Polytech' Paris-Sud	[91 - Orsay]",
"Polytech' Clermont-Ferrand	[63 - Aubière]",
"Polytech' Nice-Sophia	[06 - Sophia-Antipolis]",
"Polytech' Savoie	[74 - Annecy]",
"Polytech' Tours	[37 - Tours]",
"Télécom Lille	[59 - Villeneuve-d'Ascq]",
"Telecom Saint-Étienne	[42 - Saint-Étienne]",
"Télécom Bretagne	[29 - Plouzané]",
"Télécom ParisTech	[75 - Paris]",
"Télécom ParisTech	[06 - Sophia-Antipolis]",
"Télécom Physique Strasbourg	[67 - Illkirch-Graffenstaden]",
"Télécom SudParis	[91 - Evry ]",






/ * Universités  */




"Science Po Dijon	[21 - Dijon]",
"Science Po Havre	[76 - Le Havre]",
"Science Po Menton	[06 - Menton]",
"Science Po Nancy	[54 - Nancy]",
"Science Po Poitiers	[86 - Poitiers]",
"Science Po Paris	[75 - Paris]",
"Science Po Reims	[51 - Reims]",

"Institut d’études politiques d’Aix-en-Provence	[13 - Aix-en-provence]",
"Institut dՎtudes politiques de Bordeaux	[33 - Bordeaux]",
"Institut dՎtudes politiques de Grenoble	[38 - Grenoble]",
"Institut dՎtudes politiques de Lille		[59 - Lille]",
"Institut dՎtudes politiques de Lyon		[69 - Lyon]",
"Institut dՎtudes politiques de Rennes		[35 - Rennes]",
"Institut dՎtudes politiques de Strasbourg 	[67 - Strasbourg]",
"Institut dՎtudes politiques de Toulouse	[31 - Toulouse]",


"Sorbonne [75 - Paris]",
"Université d'Aix-Marseille (I,II,III) 	[83 - Aix-en-provence]",
"Université d'Amiens	[80 - Amiens]",
"Université d'Angers	[49 - Angers]",
"Université des Antilles-Guyane		[971 - Antilles, 973 - Guyane]",
"Université d'Artois 	[62 - Artois]",
"Université d'Avignon 	 [84 - Avignon]",
"Université de Besançon 	[25 - Besançon]",
"Université de Bordeaux-I  	[33 - Bordeaux]",
"Université de Bordeaux-II 	[33 - Bordeaux]",
"Université de Bordeaux-III	[33 - Bordeaux]",
"Université de Bordeaux-IV	[33 - Bordeaux]",
"Université de Brest	[29 - Brest]",
"Université de Bretagne-Sud	[56 - Lorient]",
"Université de Caen	[14 - Caen]",
"Université de Cergy-Pontoise	[95 - Cergy-Pontoise]",
"Université de Chambéry		[73 - Chambéry]",
"Université de Clermont-Ferrand-I	[63 - Clermont-Ferrand]",
"Université de Clermont-Ferrand-II	[63 - Clermont-Ferrand]",
"Université de Corse	[20 - Corte]",
"Université de Dijon	[21 - Dijon]",
"Université de Evry-Val d’Essonne	[91 - Evry-Val d'Essonne]",
"Université de Grenoble-I	[38 - Grenoble]",
"Université de Grenoble-II	[38 - Grenoble]",
"Université de Grenoble-III	[38 - Grenoble]",
"Université de La Réunion	[974 - La Réunion]",
"Université de La Rochelle	[17 - La Rochelle]",
"Université du Havre	[76 - Le Havre]",
"Université du Mans	[72 - Le Mans]",
"Université de Lille-I	[59 - Lille]",
"Université de Lille-II	[59 - Lille]",
"Université de Lille-III	[59 - Lille]",
"Université de Limoges	[87 - Limoges]",
"Université du Littoral	[59 - Dunkerque]",
"Université de Lyon-I	[69 - Lyon]",
"Université de Lyon-II	[69 - Lyon]",
"Université de Lyon-III	[69 - Lyon]",
"Université de Marne-la-Vallée	[77 - Marne-la-Vallée]",
"Université de Montpellier-I	[34 - Montpellier]",
"Université de Montpellier-II	[34 - Montpellier]",
"Université de Montpellier-III	[34 - Montpellier]",
"Université de Mulhouse	[68 - Lulhouse]",
"Université de Nantes	[44 - Nantes]",
"Université de Nice	[06 - Nice]",
"Université de Nîmes	[30 - Nîmes]",
"Université de Nouvelle-Calédonie	[988 - Nouvelles Calédonie]",
"Université d'Orléans	[45 - Orléans]",
"Université de Paris-I	[75 - Paris]",
"Université de Paris-II	[75 - Paris]",
"Université de Paris-III	[75 - Paris]",
"Université de Paris-IV	[75 - Paris]",
"Université de Paris-V	[75 - Paris]",
"Université de Paris-VI	[75 - Paris]",
"Université de Paris-VII	[75 - Paris]",
"Université de Paris-VIII	[93 - Saint-Denis]",
"Université de Paris-X	[92 - Naterre]",
"Université de Paris-XI	[91 - Orsay]",
"Université de Paris-XII	[94 - Créteil]",
"Université de Paris-XIII	[93 - Villetaneuse]",
"Université Paris-Est Marne-la-Vallée	[93 - Noisy-le-Grand]",
"Université Paris-Est Marne-la-Vallée	[77 - Marne-la-Vallée]",,
"Université de Pau	[64 - Pau]",
"Université de Perpignan	[66 - Perpignan]",
"Université de Poitiers	[86 - Poitiers]",
"Université de Polynésie française	[987 - Polyénise Française]",
"Université de Reims	[51 - Reims]",
"Université de Rennes-I	[35 - Rennes]",
"Université de Rennes-II	[35 - Rennes]",
"Université de Rouen	[76 - Rouen]",
"Université de Saint-Etienne	[42 - Saint-Etienne]",
"Université de Strasbourg(I,II,III)	[67 - Strasbourg]",
"Université de technologie de Belfort-Montbéliard	[90 - Belfort]",
"Université de technologie de Compiègne	[60 - Compiègne]",
"Université de technologie de Troyes	[10 - Troyes]",
"Université de Toulon	[83 - Toulon]",
"Université de Toulouse-I	[31 - Toulouse]",
"Université de Toulouse-II	[31 - Toulouse]",
"Université de Toulouse-III	[31 - Toulouse]",
"Université de Tours	[37 - Tours]",
"Université de Valenciennes	[59 - Valenciennes]",
"Université de Versailles-Saint-Quentin-en-Yvelines	[78 - Versailles/Saint-Quentin-en-Yvelines]",









/*  Ecoles de Commerce  */



"Advancia-Negocia	[75 - Paris]",
"Audencia	[44 - Nantes]",
"Bordeaux école de management	[33 - Bordeaux]",
"École de management de Lyon — Business School	[69 - Lyon]",
"École de management de Normandie (Caen)	[14 - Caen]",
"École de management de Normandie (Deauville)	[14 - Deauville]",
"École de management de Normandie (Le Havre)	[76 - Le Havre]",
"École de management Strasbourg		[67 - Strasbourg]",
"EDHEC Business School		[59 - Lille]",
"École des dirigeants et créateurs d'entreprise		[75 - Paris]",
"École supérieure de commerce et de management de Tours-Poitiers 	[37 - Tours]",
"École supérieure de commerce et de management de Tours-Poitiers 	[86 - Poitiers]",
"École supérieure du commerce extérieur	[75 - Paris]",
"École supérieure de commerce d'Amiens	[80 - Amiens]",
"École supérieure de commerce de Chambéry Savoie	[73 - Chambéry]",
"École supérieure de commerce de Clermont-Ferrand	[60 - Clermont-Ferrand]",
"École supérieure de commerce de Dijon	[21 - Dijon]",
"Grenoble École de management	[38 - Grenoble]",
"École supérieure de commerce de La Rochelle	[17 - La Rochelle]",
"Groupe Sup de Co Montpellier Business School	[34 - Montpellier]",
"École supérieure de commerce de Paris 	[75 - Paris]",
"Groupe École supérieure de commerce de Pau	[64 - Pau]",
"Ecole supérieure de commerce de Reims	[51 - Reims]",
"École supérieure de commerce de Rennes	[35 - Rennes]",
"École supérieure de commerce de Rouen	[76 - Rouen]",
"École supérieure de commerce de Saint-Étienne	[42 - Saint-Etienne]",
"Groupe ESC Toulouse	[31 - Toulouse]",
"Groupe École supérieure de commerce de Troyes	[10 - Troyes]",
"ESG Management School	[75 - Paris]",
"École supérieure des sciences commerciales d'Angers	[49 - Angers]",
"École supérieure des sciences économiques et commerciales	[75 - Paris]",
"École supérieure pour le développement économique et social	[69 - Lyon]",
"ESIEE Management	[75 - Paris]",
"École supérieure de commerce Bretagne Brest	[29 - Brest]",
"Euromed Management	[13 - Marseille]",
"European Business School Paris	[75 - Paris]",
"École des hautes études commerciales de Paris	[75 - Paris]",
"ICN Business School 	[54 - Nancy]",
"Iéseg School of Management	[59 - Lille]",
"Institut de préparation à l'administration et à la gestion	[06 - Nice]",
"Institut de préparation à l'administration et à la gestion	[75 - Paris]",
"Institut des hautes études économiques et commerciales	[75 - Paris]",
"Institut européen d'administration des affaires	[77 - Fontainebleau]",
"Institut supérieur des affaires	[78 - Jouy-en-Josas]",
"Institut supérieur du commerce de Paris	[75 - Paris]",
"Institut supérieur de gestion	[75 - Paris]",
"Skema Business School	[59 - Lille]",
"Skema Business School	[75 - Paris]",
"Skema Business School	[06 - Sophia Antipolis]",
"Télécom Ecole de Management	[91 - Evry]"


);

